{
	"display": {
		"thirdperson_righthand": {
			"rotation": [75, 45, 0],
			"translation": [0, 2, 0],
			"scale": [0.374963, 0.374963, 0.374963]
		},
		"thirdperson_lefthand": {
			"rotation": [75, 45, 0],
			"translation": [0, 2, 0],
			"scale": [0.374963, 0.374963, 0.374963]
		},
		"firstperson_righthand": {
			"rotation": [0, 45, 0],
			"scale": [0.39995625, 0.39995625, 0.39995625]
		},
		"firstperson_lefthand": {
			"rotation": [0, 45, 0],
			"scale": [0.39995625, 0.39995625, 0.39995625]
		},
		"ground": {
			"translation": [-0.46687, 3, -0.46687],
			"scale": [0.24998, 0.24998, 0.24998]
		},
		"gui": {
			"rotation": [30, -135, 0],
			"translation": [0, 0, 0],
			"scale": [0.624927625, 0.624927625, 0.624927625]
		},
		"head": {
			"scale": [2.2875, 2.2875, 2.2875],
			"translation": [0, -14.67, 0]
		},
		"fixed": {
			"translation": [-1.5, -1.5, -1.5],
			"scale": [0.4999453125, 0.4999453125, 0.4999453125]
		}
	}
}